<?xml version="1.0" encoding="UTF-8" ?> 
<CHANNEL_SRC>
<channeltotal CHANNEL_TOTAL_ID="1" CHANNEL_TOTAL="Channel Total">
  <channelclass CHANNEL_CLASS_ID="12" CHANNEL_CLASS="Direct">
    <channel CHANNEL_ID="3" CHANNEL_DESC="Direct Sales" />
    <channel CHANNEL_ID="9" CHANNEL_DESC="Tele Sales" />
  </channelclass>
  <channelclass CHANNEL_CLASS_ID="13" CHANNEL_CLASS="Indirect">
    <channel CHANNEL_ID="5" CHANNEL_DESC="Catalog" />
    <channel CHANNEL_ID="4" CHANNEL_DESC="Internet" />
  </channelclass>
  <channelclass CHANNEL_CLASS_ID="14" CHANNEL_CLASS="Partners">
    <channel CHANNEL_ID="2" CHANNEL_DESC="Others" />
  </channelclass>
</channeltotal>
</CHANNEL_SRC>